Date,Crude_Oil_Price,OVX
2020-01-02 00:00:00-05:00,66.25,28.75
2020-01-03 00:00:00-05:00,68.5999984741211,31.920000076293945
2020-01-06 00:00:00-05:00,68.91000366210938,32.31999969482422
2020-01-07 00:00:00-05:00,68.2699966430664,31.799999237060547
2020-01-08 00:00:00-05:00,65.44000244140625,32.599998474121094
2020-01-09 00:00:00-05:00,65.37000274658203,33.220001220703125
2020-01-10 00:00:00-05:00,64.9800033569336,30.3799991607666
2020-01-13 00:00:00-05:00,64.19999694824219,34.25
2020-01-14 00:00:00-05:00,64.48999786376953,33.619998931884766
2020-01-15 00:00:00-05:00,64.0,33.380001068115234
2020-01-16 00:00:00-05:00,64.62000274658203,29.790000915527344
2020-01-17 00:00:00-05:00,64.8499984741211,28.600000381469727
2020-01-21 00:00:00-05:00,64.58999633789062,27.65999984741211
2020-01-22 00:00:00-05:00,63.209999084472656,30.700000762939453
2020-01-23 00:00:00-05:00,62.040000915527344,31.950000762939453
2020-01-24 00:00:00-05:00,60.689998626708984,34.54999923706055
2020-01-27 00:00:00-05:00,59.31999969482422,37.720001220703125
2020-01-28 00:00:00-05:00,59.5099983215332,36.41999816894531
2020-01-29 00:00:00-05:00,59.810001373291016,35.72999954223633
2020-01-30 00:00:00-05:00,58.290000915527344,37.4900016784668
2020-01-31 00:00:00-05:00,58.15999984741211,40.349998474121094
2020-02-03 00:00:00-05:00,54.45000076293945,41.810001373291016
2020-02-04 00:00:00-05:00,53.959999084472656,39.439998626708984
2020-02-05 00:00:00-05:00,55.279998779296875,37.880001068115234
2020-02-06 00:00:00-05:00,54.93000030517578,36.439998626708984
2020-02-07 00:00:00-05:00,54.470001220703125,37.5099983215332
2020-02-10 00:00:00-05:00,53.27000045776367,39.0099983215332
2020-02-11 00:00:00-05:00,54.0099983215332,37.52000045776367
2020-02-12 00:00:00-05:00,55.790000915527344,35.58000183105469
2020-02-13 00:00:00-05:00,56.34000015258789,35.84000015258789
2020-02-14 00:00:00-05:00,57.31999969482422,35.93000030517578
2020-02-18 00:00:00-05:00,57.75,33.470001220703125
2020-02-19 00:00:00-05:00,59.119998931884766,32.27000045776367
2020-02-20 00:00:00-05:00,59.310001373291016,33.15999984741211
2020-02-21 00:00:00-05:00,58.5,35.869998931884766
2020-02-24 00:00:00-05:00,56.29999923706055,39.529998779296875
2020-02-25 00:00:00-05:00,54.95000076293945,42.5
2020-02-26 00:00:00-05:00,53.43000030517578,43.400001525878906
2020-02-27 00:00:00-05:00,52.18000030517578,49.41999816894531
2020-02-28 00:00:00-05:00,50.52000045776367,51.25
2020-03-02 00:00:00-05:00,51.900001525878906,48.33000183105469
2020-03-03 00:00:00-05:00,51.86000061035156,50.79999923706055
2020-03-04 00:00:00-05:00,51.130001068115234,50.59000015258789
2020-03-05 00:00:00-05:00,49.9900016784668,52.58000183105469
2020-03-06 00:00:00-05:00,45.27000045776367,65.0199966430664
2020-03-09 00:00:00-04:00,34.36000061035156,115.91999816894531
2020-03-10 00:00:00-04:00,37.220001220703125,92.93000030517578
2020-03-11 00:00:00-04:00,35.790000915527344,105.25
2020-03-12 00:00:00-04:00,33.220001220703125,123.44999694824219
2020-03-13 00:00:00-04:00,33.849998474121094,118.4800033569336
2020-03-16 00:00:00-04:00,30.049999237060547,128.5
2020-03-17 00:00:00-04:00,28.729999542236328,133.32000732421875
2020-03-18 00:00:00-04:00,24.8799991607666,166.7899932861328
2020-03-19 00:00:00-04:00,28.469999313354492,164.05999755859375
2020-03-20 00:00:00-04:00,26.979999542236328,190.0800018310547
2020-03-23 00:00:00-04:00,27.030000686645508,185.67999267578125
2020-03-24 00:00:00-04:00,27.149999618530273,170.86000061035156
2020-03-25 00:00:00-04:00,27.389999389648438,144.02999877929688
2020-03-26 00:00:00-04:00,26.34000015258789,150.05999755859375
2020-03-27 00:00:00-04:00,24.93000030517578,175.8800048828125
2020-03-30 00:00:00-04:00,22.760000228881836,174.22000122070312
2020-03-31 00:00:00-04:00,22.739999771118164,170.5500030517578
2020-04-01 00:00:00-04:00,24.739999771118164,158.97999572753906
2020-04-02 00:00:00-04:00,29.940000534057617,162.64999389648438
2020-04-03 00:00:00-04:00,34.11000061035156,141.67999267578125
2020-04-06 00:00:00-04:00,33.04999923706055,144.19000244140625
2020-04-07 00:00:00-04:00,31.8700008392334,139.1300048828125
2020-04-08 00:00:00-04:00,32.84000015258789,141.4600067138672
2020-04-09 00:00:00-04:00,31.479999542236328,129.8800048828125
2020-04-13 00:00:00-04:00,31.739999771118164,114.44000244140625
2020-04-14 00:00:00-04:00,29.600000381469727,115.4800033569336
2020-04-15 00:00:00-04:00,27.690000534057617,120.37999725341797
2020-04-16 00:00:00-04:00,27.81999969482422,115.0999984741211
2020-04-17 00:00:00-04:00,28.079999923706055,95.91000366210938
2020-04-20 00:00:00-04:00,25.56999969482422,226.1300048828125
2020-04-21 00:00:00-04:00,19.329999923706055,325.1499938964844
2020-04-22 00:00:00-04:00,20.3700008392334,236.8000030517578
2020-04-23 00:00:00-04:00,21.329999923706055,211.0
2020-04-24 00:00:00-04:00,21.440000534057617,173.52999877929688
2020-04-27 00:00:00-04:00,19.989999771118164,185.47000122070312
2020-04-28 00:00:00-04:00,20.459999084472656,198.77000427246094
2020-04-29 00:00:00-04:00,22.540000915527344,195.58999633789062
2020-04-30 00:00:00-04:00,25.270000457763672,104.9800033569336
2020-05-01 00:00:00-04:00,26.440000534057617,110.18000030517578
2020-05-04 00:00:00-04:00,27.200000762939453,97.41999816894531
2020-05-05 00:00:00-04:00,30.969999313354492,97.2699966430664
2020-05-06 00:00:00-04:00,29.719999313354492,115.38999938964844
2020-05-07 00:00:00-04:00,29.459999084472656,110.62000274658203
2020-05-08 00:00:00-04:00,30.969999313354492,98.69999694824219
2020-05-11 00:00:00-04:00,29.6299991607666,109.72000122070312
2020-05-12 00:00:00-04:00,29.979999542236328,86.86000061035156
2020-05-13 00:00:00-04:00,29.190000534057617,82.83000183105469
2020-05-14 00:00:00-04:00,31.1299991607666,80.05000305175781
2020-05-15 00:00:00-04:00,32.5,76.38999938964844
2020-05-18 00:00:00-04:00,34.810001373291016,76.13999938964844
2020-05-19 00:00:00-04:00,34.650001525878906,73.22000122070312
2020-05-20 00:00:00-04:00,35.75,73.62000274658203
2020-05-21 00:00:00-04:00,36.060001373291016,89.05999755859375
2020-05-22 00:00:00-04:00,35.130001068115234,84.9800033569336
2020-05-26 00:00:00-04:00,36.16999816894531,75.47000122070312
2020-05-27 00:00:00-04:00,34.7400016784668,73.88999938964844
2020-05-28 00:00:00-04:00,35.290000915527344,72.9800033569336
2020-05-29 00:00:00-04:00,35.33000183105469,69.2300033569336
2020-06-01 00:00:00-04:00,38.31999969482422,64.37999725341797
2020-06-02 00:00:00-04:00,39.56999969482422,64.70999908447266
2020-06-03 00:00:00-04:00,39.790000915527344,65.7300033569336
2020-06-04 00:00:00-04:00,39.9900016784668,65.12999725341797
2020-06-05 00:00:00-04:00,42.29999923706055,64.19999694824219
2020-06-08 00:00:00-04:00,40.79999923706055,67.23999786376953
2020-06-09 00:00:00-04:00,41.18000030517578,67.76000213623047
2020-06-10 00:00:00-04:00,41.72999954223633,63.060001373291016
2020-06-11 00:00:00-04:00,38.54999923706055,69.95999908447266
2020-06-12 00:00:00-04:00,38.72999954223633,70.22000122070312
2020-06-15 00:00:00-04:00,39.720001220703125,68.11000061035156
2020-06-16 00:00:00-04:00,40.959999084472656,66.62999725341797
2020-06-17 00:00:00-04:00,40.709999084472656,61.45000076293945
2020-06-18 00:00:00-04:00,41.5099983215332,61.349998474121094
2020-06-19 00:00:00-04:00,42.189998626708984,58.72999954223633
2020-06-22 00:00:00-04:00,43.08000183105469,56.7599983215332
2020-06-23 00:00:00-04:00,42.630001068115234,58.83000183105469
2020-06-24 00:00:00-04:00,40.310001373291016,64.95999908447266
2020-06-25 00:00:00-04:00,41.04999923706055,62.689998626708984
2020-06-26 00:00:00-04:00,41.02000045776367,63.689998626708984
2020-06-29 00:00:00-04:00,41.709999084472656,60.040000915527344
2020-06-30 00:00:00-04:00,41.150001525878906,57.65999984741211
2020-07-01 00:00:00-04:00,42.029998779296875,53.43000030517578
2020-07-02 00:00:00-04:00,43.13999938964844,51.290000915527344
2020-07-06 00:00:00-04:00,43.099998474121094,50.72999954223633
2020-07-07 00:00:00-04:00,43.08000183105469,51.38999938964844
2020-07-08 00:00:00-04:00,43.290000915527344,48.849998474121094
2020-07-09 00:00:00-04:00,42.349998474121094,53.77000045776367
2020-07-10 00:00:00-04:00,43.2400016784668,49.709999084472656
2020-07-13 00:00:00-04:00,42.720001220703125,53.40999984741211
2020-07-14 00:00:00-04:00,42.900001525878906,53.040000915527344
2020-07-15 00:00:00-04:00,43.790000915527344,47.04999923706055
2020-07-16 00:00:00-04:00,43.369998931884766,46.119998931884766
2020-07-17 00:00:00-04:00,43.13999938964844,40.220001220703125
2020-07-20 00:00:00-04:00,43.279998779296875,42.59000015258789
2020-07-21 00:00:00-04:00,44.31999969482422,41.099998474121094
2020-07-22 00:00:00-04:00,44.290000915527344,41.29999923706055
2020-07-23 00:00:00-04:00,43.310001373291016,43.83000183105469
2020-07-24 00:00:00-04:00,43.34000015258789,42.349998474121094
2020-07-27 00:00:00-04:00,43.40999984741211,41.369998931884766
2020-07-28 00:00:00-04:00,43.220001220703125,41.09000015258789
2020-07-29 00:00:00-04:00,43.75,39.58000183105469
2020-07-30 00:00:00-04:00,42.939998626708984,42.060001373291016
2020-07-31 00:00:00-04:00,43.29999923706055,44.43000030517578
2020-08-03 00:00:00-04:00,44.150001525878906,41.560001373291016
2020-08-04 00:00:00-04:00,44.43000030517578,40.279998779296875
2020-08-05 00:00:00-04:00,45.16999816894531,37.119998931884766
2020-08-06 00:00:00-04:00,45.09000015258789,37.59000015258789
2020-08-07 00:00:00-04:00,44.400001525878906,37.43000030517578
2020-08-10 00:00:00-04:00,44.9900016784668,35.7400016784668
2020-08-11 00:00:00-04:00,44.5,37.5
2020-08-12 00:00:00-04:00,45.43000030517578,34.7400016784668
2020-08-13 00:00:00-04:00,44.959999084472656,34.869998931884766
2020-08-14 00:00:00-04:00,44.79999923706055,35.099998474121094
2020-08-17 00:00:00-04:00,45.369998931884766,32.43000030517578
2020-08-18 00:00:00-04:00,45.459999084472656,31.700000762939453
2020-08-19 00:00:00-04:00,45.369998931884766,32.849998474121094
2020-08-20 00:00:00-04:00,44.900001525878906,32.83000183105469
2020-08-21 00:00:00-04:00,44.349998474121094,33.68000030517578
2020-08-24 00:00:00-04:00,45.130001068115234,32.25
2020-08-25 00:00:00-04:00,45.86000061035156,33.029998779296875
2020-08-26 00:00:00-04:00,45.63999938964844,33.790000915527344
2020-08-27 00:00:00-04:00,45.09000015258789,33.7400016784668
2020-08-28 00:00:00-04:00,45.04999923706055,32.060001373291016
2020-08-31 00:00:00-04:00,45.279998779296875,32.59000015258789
2020-09-01 00:00:00-04:00,45.58000183105469,31.739999771118164
2020-09-02 00:00:00-04:00,44.43000030517578,35.4900016784668
2020-09-03 00:00:00-04:00,44.06999969482422,41.279998779296875
2020-09-04 00:00:00-04:00,42.65999984741211,44.02000045776367
2020-09-08 00:00:00-04:00,39.779998779296875,55.900001525878906
2020-09-09 00:00:00-04:00,40.790000915527344,49.41999816894531
2020-09-10 00:00:00-04:00,40.060001373291016,52.15999984741211
2020-09-11 00:00:00-04:00,39.83000183105469,50.130001068115234
2020-09-14 00:00:00-04:00,39.61000061035156,49.40999984741211
2020-09-15 00:00:00-04:00,40.529998779296875,45.189998626708984
2020-09-16 00:00:00-04:00,42.220001220703125,41.130001068115234
2020-09-17 00:00:00-04:00,43.29999923706055,38.72999954223633
2020-09-18 00:00:00-04:00,43.150001525878906,39.06999969482422
2020-09-21 00:00:00-04:00,41.439998626708984,42.88999938964844
2020-09-22 00:00:00-04:00,41.720001220703125,41.279998779296875
2020-09-23 00:00:00-04:00,41.77000045776367,44.63999938964844
2020-09-24 00:00:00-04:00,41.939998626708984,42.880001068115234
2020-09-25 00:00:00-04:00,41.91999816894531,41.40999984741211
2020-09-28 00:00:00-04:00,42.43000030517578,40.63999938964844
2020-09-29 00:00:00-04:00,41.029998779296875,46.130001068115234
2020-09-30 00:00:00-04:00,40.95000076293945,44.0
2020-10-01 00:00:00-04:00,40.93000030517578,49.349998474121094
2020-10-02 00:00:00-04:00,39.27000045776367,55.5099983215332
2020-10-05 00:00:00-04:00,41.290000915527344,49.439998626708984
2020-10-06 00:00:00-04:00,42.650001525878906,46.599998474121094
2020-10-07 00:00:00-04:00,41.9900016784668,45.5
2020-10-08 00:00:00-04:00,43.34000015258789,41.150001525878906
2020-10-09 00:00:00-04:00,42.849998474121094,42.380001068115234
2020-10-12 00:00:00-04:00,41.720001220703125,44.040000915527344
2020-10-13 00:00:00-04:00,42.45000076293945,46.06999969482422
2020-10-14 00:00:00-04:00,43.31999969482422,43.529998779296875
2020-10-15 00:00:00-04:00,43.15999984741211,43.83000183105469
2020-10-16 00:00:00-04:00,42.93000030517578,44.060001373291016
2020-10-19 00:00:00-04:00,42.619998931884766,43.349998474121094
2020-10-20 00:00:00-04:00,43.15999984741211,43.849998474121094
2020-10-21 00:00:00-04:00,41.72999954223633,47.58000183105469
2020-10-22 00:00:00-04:00,42.459999084472656,46.61000061035156
2020-10-23 00:00:00-04:00,41.77000045776367,46.31999969482422
2020-10-26 00:00:00-04:00,40.459999084472656,53.04999923706055
2020-10-27 00:00:00-04:00,41.20000076293945,50.220001220703125
2020-10-28 00:00:00-04:00,39.119998931884766,59.61000061035156
2020-10-29 00:00:00-04:00,37.650001525878906,63.380001068115234
2020-10-30 00:00:00-04:00,37.459999084472656,68.83999633789062
2020-11-02 00:00:00-05:00,38.970001220703125,66.7300033569336
2020-11-03 00:00:00-05:00,39.709999084472656,63.630001068115234
2020-11-04 00:00:00-05:00,41.22999954223633,54.529998779296875
2020-11-05 00:00:00-05:00,40.93000030517578,53.689998626708984
2020-11-06 00:00:00-05:00,39.45000076293945,55.75
2020-11-09 00:00:00-05:00,42.400001525878906,52.20000076293945
2020-11-10 00:00:00-05:00,43.61000061035156,49.63999938964844
2020-11-11 00:00:00-05:00,43.79999923706055,49.2400016784668
2020-11-12 00:00:00-05:00,43.529998779296875,50.900001525878906
2020-11-13 00:00:00-05:00,42.779998779296875,48.2400016784668
2020-11-16 00:00:00-05:00,43.81999969482422,46.88999938964844
2020-11-17 00:00:00-05:00,43.75,45.08000183105469
2020-11-18 00:00:00-05:00,44.34000015258789,46.060001373291016
2020-11-19 00:00:00-05:00,44.20000076293945,46.34000015258789
2020-11-20 00:00:00-05:00,44.959999084472656,43.939998626708984
2020-11-23 00:00:00-05:00,46.060001373291016,42.790000915527344
2020-11-24 00:00:00-05:00,47.86000061035156,42.84000015258789
2020-11-25 00:00:00-05:00,48.61000061035156,43.560001373291016
2020-11-27 00:00:00-05:00,48.18000030517578,46.209999084472656
2020-11-30 00:00:00-05:00,47.59000015258789,47.369998931884766
2020-12-01 00:00:00-05:00,47.41999816894531,47.810001373291016
2020-12-02 00:00:00-05:00,48.25,45.68000030517578
2020-12-03 00:00:00-05:00,48.709999084472656,40.95000076293945
2020-12-04 00:00:00-05:00,49.25,38.34000015258789
2020-12-07 00:00:00-05:00,48.790000915527344,37.68000030517578
2020-12-08 00:00:00-05:00,48.84000015258789,37.70000076293945
2020-12-09 00:00:00-05:00,48.86000061035156,39.52000045776367
2020-12-10 00:00:00-05:00,50.25,39.70000076293945
2020-12-11 00:00:00-05:00,49.970001220703125,39.5099983215332
2020-12-14 00:00:00-05:00,50.290000915527344,39.959999084472656
2020-12-15 00:00:00-05:00,50.7599983215332,39.34000015258789
2020-12-16 00:00:00-05:00,51.08000183105469,38.68000030517578
2020-12-17 00:00:00-05:00,51.5,36.86000061035156
2020-12-18 00:00:00-05:00,52.2599983215332,37.150001525878906
2020-12-21 00:00:00-05:00,50.90999984741211,41.560001373291016
2020-12-22 00:00:00-05:00,50.08000183105469,42.060001373291016
2020-12-23 00:00:00-05:00,51.20000076293945,39.88999938964844
2020-12-24 00:00:00-05:00,51.290000915527344,39.40999984741211
2020-12-28 00:00:00-05:00,50.86000061035156,39.66999816894531
2020-12-29 00:00:00-05:00,51.09000015258789,38.63999938964844
2020-12-30 00:00:00-05:00,51.34000015258789,38.0099983215332
2020-12-31 00:00:00-05:00,51.79999923706055,37.83000183105469
2021-01-04 00:00:00-05:00,51.09000015258789,42.119998931884766
2021-01-05 00:00:00-05:00,53.599998474121094,40.38999938964844
2021-01-06 00:00:00-05:00,54.29999923706055,39.310001373291016
2021-01-07 00:00:00-05:00,54.380001068115234,36.060001373291016
2021-01-08 00:00:00-05:00,55.9900016784668,36.650001525878906
2021-01-11 00:00:00-05:00,55.65999984741211,35.310001373291016
2021-01-12 00:00:00-05:00,56.58000183105469,33.849998474121094
2021-01-13 00:00:00-05:00,56.060001373291016,36.790000915527344
2021-01-14 00:00:00-05:00,56.41999816894531,37.95000076293945
2021-01-15 00:00:00-05:00,55.099998474121094,40.38999938964844
2021-01-19 00:00:00-05:00,55.900001525878906,35.369998931884766
2021-01-20 00:00:00-05:00,56.08000183105469,35.66999816894531
2021-01-21 00:00:00-05:00,56.099998474121094,35.04999923706055
2021-01-22 00:00:00-05:00,55.40999984741211,36.25
2021-01-25 00:00:00-05:00,55.880001068115234,38.02000045776367
2021-01-26 00:00:00-05:00,55.90999984741211,37.130001068115234
2021-01-27 00:00:00-05:00,55.810001373291016,40.209999084472656
2021-01-28 00:00:00-05:00,55.529998779296875,40.45000076293945
2021-01-29 00:00:00-05:00,55.880001068115234,40.20000076293945
2021-02-01 00:00:00-05:00,56.349998474121094,39.15999984741211
2021-02-02 00:00:00-05:00,57.459999084472656,38.619998931884766
2021-02-03 00:00:00-05:00,58.459999084472656,37.11000061035156
2021-02-04 00:00:00-05:00,58.84000015258789,35.369998931884766
2021-02-05 00:00:00-05:00,59.34000015258789,34.939998626708984
2021-02-08 00:00:00-05:00,60.560001373291016,34.47999954223633
2021-02-09 00:00:00-05:00,61.09000015258789,33.540000915527344
2021-02-10 00:00:00-05:00,61.470001220703125,33.77000045776367
2021-02-11 00:00:00-05:00,61.13999938964844,34.33000183105469
2021-02-12 00:00:00-05:00,62.43000030517578,34.25
2021-02-16 00:00:00-05:00,63.349998474121094,35.130001068115234
2021-02-17 00:00:00-05:00,64.33999633789062,36.900001525878906
2021-02-18 00:00:00-05:00,63.93000030517578,37.900001525878906
2021-02-19 00:00:00-05:00,62.90999984741211,37.7599983215332
2021-02-22 00:00:00-05:00,65.23999786376953,38.56999969482422
2021-02-23 00:00:00-05:00,65.37000274658203,39.75
2021-02-24 00:00:00-05:00,67.04000091552734,39.58000183105469
2021-02-25 00:00:00-05:00,66.87999725341797,40.58000183105469
2021-02-26 00:00:00-05:00,66.12999725341797,42.4900016784668
2021-03-01 00:00:00-05:00,63.689998626708984,42.560001373291016
2021-03-02 00:00:00-05:00,62.70000076293945,40.959999084472656
2021-03-03 00:00:00-05:00,64.06999969482422,39.83000183105469
2021-03-04 00:00:00-05:00,66.73999786376953,37.27000045776367
2021-03-05 00:00:00-05:00,69.36000061035156,36.61000061035156
2021-03-08 00:00:00-05:00,68.23999786376953,38.88999938964844
2021-03-09 00:00:00-05:00,67.5199966430664,37.970001220703125
2021-03-10 00:00:00-05:00,67.9000015258789,37.560001373291016
2021-03-11 00:00:00-05:00,69.62999725341797,37.86000061035156
2021-03-12 00:00:00-05:00,69.22000122070312,37.5099983215332
2021-03-15 00:00:00-04:00,68.87999725341797,39.380001068115234
2021-03-16 00:00:00-04:00,68.38999938964844,39.099998474121094
2021-03-17 00:00:00-04:00,68.0,37.400001525878906
2021-03-18 00:00:00-04:00,63.279998779296875,48.439998626708984
2021-03-19 00:00:00-04:00,64.52999877929688,44.380001068115234
2021-03-22 00:00:00-04:00,64.62000274658203,40.279998779296875
2021-03-23 00:00:00-04:00,60.790000915527344,48.619998931884766
2021-03-24 00:00:00-04:00,64.41000366210938,64.91000366210938
2021-03-25 00:00:00-04:00,61.95000076293945,49.880001068115234
2021-03-26 00:00:00-04:00,64.56999969482422,44.93000030517578
2021-03-29 00:00:00-04:00,64.9800033569336,44.15999984741211
2021-03-30 00:00:00-04:00,64.13999938964844,41.459999084472656
2021-03-31 00:00:00-04:00,63.540000915527344,45.650001525878906
2021-04-01 00:00:00-04:00,64.86000061035156,40.150001525878906
2021-04-05 00:00:00-04:00,62.150001525878906,42.0
2021-04-06 00:00:00-04:00,62.7400016784668,42.40999984741211
2021-04-07 00:00:00-04:00,63.15999984741211,41.27000045776367
2021-04-08 00:00:00-04:00,63.20000076293945,40.70000076293945
2021-04-09 00:00:00-04:00,62.95000076293945,39.189998626708984
2021-04-12 00:00:00-04:00,63.279998779296875,37.040000915527344
2021-04-13 00:00:00-04:00,63.66999816894531,35.20000076293945
2021-04-14 00:00:00-04:00,66.58000183105469,35.70000076293945
2021-04-15 00:00:00-04:00,66.94000244140625,34.20000076293945
2021-04-16 00:00:00-04:00,66.7699966430664,32.790000915527344
2021-04-19 00:00:00-04:00,67.05000305175781,35.06999969482422
2021-04-20 00:00:00-04:00,66.56999969482422,35.68000030517578
2021-04-21 00:00:00-04:00,65.31999969482422,42.439998626708984
2021-04-22 00:00:00-04:00,65.4000015258789,39.38999938964844
2021-04-23 00:00:00-04:00,66.11000061035156,38.70000076293945
2021-04-26 00:00:00-04:00,65.6500015258789,41.22999954223633
2021-04-27 00:00:00-04:00,66.41999816894531,38.439998626708984
2021-04-28 00:00:00-04:00,67.2699966430664,36.41999816894531
2021-04-29 00:00:00-04:00,68.55999755859375,36.369998931884766
2021-04-30 00:00:00-04:00,67.25,38.38999938964844
2021-05-03 00:00:00-04:00,67.55999755859375,40.150001525878906
2021-05-04 00:00:00-04:00,68.87999725341797,37.150001525878906
2021-05-05 00:00:00-04:00,68.95999908447266,38.33000183105469
2021-05-06 00:00:00-04:00,68.08999633789062,37.7400016784668
2021-05-07 00:00:00-04:00,68.27999877929688,37.630001068115234
2021-05-10 00:00:00-04:00,68.31999969482422,37.9900016784668
2021-05-11 00:00:00-04:00,68.55000305175781,37.93000030517578
2021-05-12 00:00:00-04:00,69.31999969482422,36.939998626708984
2021-05-13 00:00:00-04:00,67.05000305175781,37.939998626708984
2021-05-14 00:00:00-04:00,68.70999908447266,36.459999084472656
2021-05-17 00:00:00-04:00,69.45999908447266,36.41999816894531
2021-05-18 00:00:00-04:00,68.70999908447266,37.0099983215332
2021-05-19 00:00:00-04:00,66.66000366210938,38.81999969482422
2021-05-20 00:00:00-04:00,65.11000061035156,39.43000030517578
2021-05-21 00:00:00-04:00,66.44000244140625,39.34000015258789
2021-05-24 00:00:00-04:00,68.45999908447266,35.540000915527344
2021-05-25 00:00:00-04:00,68.6500015258789,36.22999954223633
2021-05-26 00:00:00-04:00,68.87000274658203,33.88999938964844
2021-05-27 00:00:00-04:00,69.45999908447266,33.630001068115234
2021-05-28 00:00:00-04:00,69.62999725341797,33.540000915527344
2021-06-01 00:00:00-04:00,70.25,33.43000030517578
2021-06-02 00:00:00-04:00,71.3499984741211,32.77000045776367
2021-06-03 00:00:00-04:00,71.30999755859375,33.88999938964844
2021-06-04 00:00:00-04:00,71.88999938964844,31.760000228881836
2021-06-07 00:00:00-04:00,71.48999786376953,31.700000762939453
2021-06-08 00:00:00-04:00,72.22000122070312,31.950000762939453
2021-06-09 00:00:00-04:00,72.22000122070312,31.790000915527344
2021-06-10 00:00:00-04:00,72.5199966430664,33.029998779296875
2021-06-11 00:00:00-04:00,72.69000244140625,32.54999923706055
2021-06-14 00:00:00-04:00,72.86000061035156,33.130001068115234
2021-06-15 00:00:00-04:00,73.98999786376953,31.559999465942383
2021-06-16 00:00:00-04:00,74.38999938964844,33.83000183105469
2021-06-17 00:00:00-04:00,73.08000183105469,36.84000015258789
2021-06-18 00:00:00-04:00,73.51000213623047,33.95000076293945
2021-06-21 00:00:00-04:00,74.9000015258789,35.0099983215332
2021-06-22 00:00:00-04:00,74.80999755859375,34.279998779296875
2021-06-23 00:00:00-04:00,75.19000244140625,34.68000030517578
2021-06-24 00:00:00-04:00,75.55999755859375,32.04999923706055
2021-06-25 00:00:00-04:00,76.18000030517578,31.299999237060547
2021-06-28 00:00:00-04:00,74.68000030517578,31.860000610351562
2021-06-29 00:00:00-04:00,74.76000213623047,31.989999771118164
2021-06-30 00:00:00-04:00,75.12999725341797,32.7400016784668
2021-07-01 00:00:00-04:00,75.83999633789062,32.470001220703125
2021-07-02 00:00:00-04:00,76.16999816894531,32.869998931884766
2021-07-06 00:00:00-04:00,74.52999877929688,37.59000015258789
2021-07-07 00:00:00-04:00,73.43000030517578,42.0099983215332
2021-07-08 00:00:00-04:00,74.12000274658203,38.79999923706055
2021-07-09 00:00:00-04:00,75.55000305175781,37.02000045776367
2021-07-12 00:00:00-04:00,75.16000366210938,38.72999954223633
2021-07-13 00:00:00-04:00,76.48999786376953,35.400001525878906
2021-07-14 00:00:00-04:00,74.76000213623047,38.20000076293945
2021-07-15 00:00:00-04:00,73.47000122070312,38.040000915527344
2021-07-16 00:00:00-04:00,73.58999633789062,37.150001525878906
2021-07-19 00:00:00-04:00,68.62000274658203,46.36000061035156
2021-07-20 00:00:00-04:00,69.3499984741211,52.2599983215332
2021-07-21 00:00:00-04:00,72.2300033569336,42.90999984741211
2021-07-22 00:00:00-04:00,73.79000091552734,36.439998626708984
2021-07-23 00:00:00-04:00,74.0999984741211,34.04999923706055
2021-07-26 00:00:00-04:00,74.5,35.59000015258789
2021-07-27 00:00:00-04:00,74.4800033569336,35.13999938964844
2021-07-28 00:00:00-04:00,74.73999786376953,34.619998931884766
2021-07-29 00:00:00-04:00,76.05000305175781,33.36000061035156
2021-07-30 00:00:00-04:00,76.33000183105469,32.849998474121094
2021-08-02 00:00:00-04:00,72.88999938964844,36.22999954223633
2021-08-03 00:00:00-04:00,72.41000366210938,37.54999923706055
2021-08-04 00:00:00-04:00,70.37999725341797,42.27000045776367
2021-08-05 00:00:00-04:00,71.29000091552734,39.09000015258789
2021-08-06 00:00:00-04:00,70.69999694824219,39.310001373291016
2021-08-09 00:00:00-04:00,69.04000091552734,43.279998779296875
2021-08-10 00:00:00-04:00,70.62999725341797,39.279998779296875
2021-08-11 00:00:00-04:00,71.44000244140625,38.290000915527344
2021-08-12 00:00:00-04:00,71.30999755859375,36.5
2021-08-13 00:00:00-04:00,70.58999633789062,35.90999984741211
2021-08-16 00:00:00-04:00,69.51000213623047,38.84000015258789
2021-08-17 00:00:00-04:00,69.02999877929688,39.5
2021-08-18 00:00:00-04:00,68.2300033569336,40.86000061035156
2021-08-19 00:00:00-04:00,66.44999694824219,40.97999954223633
2021-08-20 00:00:00-04:00,65.18000030517578,40.66999816894531
2021-08-23 00:00:00-04:00,68.75,38.66999816894531
2021-08-24 00:00:00-04:00,71.05000305175781,36.790000915527344
2021-08-25 00:00:00-04:00,72.25,35.599998474121094
2021-08-26 00:00:00-04:00,71.06999969482422,36.33000183105469
2021-08-27 00:00:00-04:00,72.69999694824219,34.93000030517578
2021-08-30 00:00:00-04:00,73.41000366210938,35.27000045776367
2021-08-31 00:00:00-04:00,72.98999786376953,34.279998779296875
2021-09-01 00:00:00-04:00,71.58999633789062,36.130001068115234
2021-09-02 00:00:00-04:00,73.02999877929688,31.350000381469727
2021-09-03 00:00:00-04:00,72.61000061035156,36.90999984741211
2021-09-07 00:00:00-04:00,71.69000244140625,32.90999984741211
2021-09-08 00:00:00-04:00,72.5999984741211,31.90999984741211
2021-09-09 00:00:00-04:00,71.44999694824219,33.869998931884766
2021-09-10 00:00:00-04:00,72.91999816894531,33.540000915527344
2021-09-13 00:00:00-04:00,73.51000213623047,32.7400016784668
2021-09-14 00:00:00-04:00,73.5999984741211,33.630001068115234
2021-09-15 00:00:00-04:00,75.45999908447266,32.380001068115234
2021-09-16 00:00:00-04:00,75.66999816894531,33.15999984741211
2021-09-17 00:00:00-04:00,75.33999633789062,32.31999969482422
2021-09-20 00:00:00-04:00,73.91999816894531,35.22999954223633
2021-09-21 00:00:00-04:00,74.36000061035156,34.45000076293945
2021-09-22 00:00:00-04:00,76.19000244140625,32.43000030517578
2021-09-23 00:00:00-04:00,77.25,32.29999923706055
2021-09-24 00:00:00-04:00,78.08999633789062,34.0099983215332
2021-09-27 00:00:00-04:00,79.52999877929688,34.97999954223633
2021-09-28 00:00:00-04:00,79.08999633789062,36.099998474121094
2021-09-29 00:00:00-04:00,78.63999938964844,35.2599983215332
2021-09-30 00:00:00-04:00,78.5199966430664,38.68000030517578
2021-10-01 00:00:00-04:00,79.27999877929688,37.470001220703125
2021-10-04 00:00:00-04:00,81.26000213623047,37.27000045776367
2021-10-05 00:00:00-04:00,82.55999755859375,37.20000076293945
2021-10-06 00:00:00-04:00,81.08000183105469,41.02000045776367
2021-10-07 00:00:00-04:00,81.94999694824219,46.150001525878906
2021-10-08 00:00:00-04:00,82.38999938964844,38.0
2021-10-11 00:00:00-04:00,83.6500015258789,38.5099983215332
2021-10-12 00:00:00-04:00,83.41999816894531,37.099998474121094
2021-10-13 00:00:00-04:00,83.18000030517578,36.04999923706055
2021-10-14 00:00:00-04:00,84.0,36.97999954223633
2021-10-15 00:00:00-04:00,84.86000061035156,34.04999923706055
2021-10-18 00:00:00-04:00,84.33000183105469,35.02000045776367
2021-10-19 00:00:00-04:00,85.08000183105469,35.13999938964844
2021-10-20 00:00:00-04:00,85.81999969482422,35.15999984741211
2021-10-21 00:00:00-04:00,84.61000061035156,36.54999923706055
2021-10-22 00:00:00-04:00,85.52999877929688,36.869998931884766
2021-10-25 00:00:00-04:00,85.98999786376953,36.06999969482422
2021-10-26 00:00:00-04:00,86.4000015258789,35.5
2021-10-27 00:00:00-04:00,84.58000183105469,37.630001068115234
2021-10-28 00:00:00-04:00,84.31999969482422,37.22999954223633
2021-10-29 00:00:00-04:00,84.37999725341797,37.91999816894531
2021-11-01 00:00:00-04:00,84.70999908447266,36.7400016784668
2021-11-02 00:00:00-04:00,84.72000122070312,35.560001373291016
2021-11-03 00:00:00-04:00,81.98999786376953,39.439998626708984
2021-11-04 00:00:00-04:00,80.54000091552734,38.560001373291016
2021-11-05 00:00:00-04:00,82.73999786376953,37.84000015258789
2021-11-08 00:00:00-05:00,83.43000030517578,37.709999084472656
2021-11-09 00:00:00-05:00,84.77999877929688,36.33000183105469
2021-11-10 00:00:00-05:00,82.63999938964844,37.09000015258789
2021-11-11 00:00:00-05:00,82.87000274658203,36.20000076293945
2021-11-12 00:00:00-05:00,82.16999816894531,36.099998474121094
2021-11-15 00:00:00-05:00,82.05000305175781,36.41999816894531
2021-11-16 00:00:00-05:00,82.43000030517578,34.689998626708984
2021-11-17 00:00:00-05:00,80.27999877929688,33.75
2021-11-18 00:00:00-05:00,81.23999786376953,37.68000030517578
2021-11-19 00:00:00-05:00,78.88999938964844,37.130001068115234
2021-11-22 00:00:00-05:00,79.69999694824219,36.61000061035156
2021-11-23 00:00:00-05:00,82.30999755859375,35.099998474121094
2021-11-24 00:00:00-05:00,82.25,34.790000915527344
2021-11-26 00:00:00-05:00,72.72000122070312,65.72000122070312
2021-11-29 00:00:00-05:00,73.44000244140625,63.34000015258789
2021-11-30 00:00:00-05:00,70.56999969482422,75.2300033569336
2021-12-01 00:00:00-05:00,68.87000274658203,78.18000030517578
2021-12-02 00:00:00-05:00,69.66999816894531,57.27000045776367
2021-12-03 00:00:00-05:00,69.87999725341797,64.55000305175781
2021-12-06 00:00:00-05:00,73.08000183105469,56.209999084472656
2021-12-07 00:00:00-05:00,75.44000244140625,48.150001525878906
2021-12-08 00:00:00-05:00,75.81999969482422,45.220001220703125
2021-12-09 00:00:00-05:00,74.41999816894531,47.43000030517578
2021-12-10 00:00:00-05:00,75.1500015258789,46.22999954223633
2021-12-13 00:00:00-05:00,74.38999938964844,45.880001068115234
2021-12-14 00:00:00-05:00,73.69999694824219,54.7599983215332
2021-12-15 00:00:00-05:00,73.87999725341797,56.529998779296875
2021-12-16 00:00:00-05:00,75.0199966430664,49.970001220703125
2021-12-17 00:00:00-05:00,73.5199966430664,48.310001373291016
2021-12-20 00:00:00-05:00,71.5199966430664,60.2400016784668
2021-12-21 00:00:00-05:00,73.9800033569336,52.310001373291016
2021-12-22 00:00:00-05:00,75.29000091552734,46.0
2021-12-23 00:00:00-05:00,76.8499984741211,43.709999084472656
2021-12-27 00:00:00-05:00,78.5999984741211,43.58000183105469
2021-12-28 00:00:00-05:00,78.94000244140625,41.22999954223633
2021-12-29 00:00:00-05:00,79.2300033569336,40.2400016784668
2021-12-30 00:00:00-05:00,79.31999969482422,40.20000076293945
2021-12-31 00:00:00-05:00,77.77999877929688,42.619998931884766
2022-01-03 00:00:00-05:00,78.9800033569336,37.56999969482422
2022-01-04 00:00:00-05:00,80.0,39.47999954223633
2022-01-05 00:00:00-05:00,80.80000305175781,44.4900016784668
2022-01-06 00:00:00-05:00,81.98999786376953,36.86000061035156
2022-01-07 00:00:00-05:00,81.75,37.0
2022-01-10 00:00:00-05:00,80.87000274658203,37.650001525878906
2022-01-11 00:00:00-05:00,83.72000122070312,34.310001373291016
2022-01-12 00:00:00-05:00,84.66999816894531,34.38999938964844
2022-01-13 00:00:00-05:00,84.47000122070312,37.11000061035156
2022-01-14 00:00:00-05:00,86.05999755859375,41.18000030517578
2022-01-18 00:00:00-05:00,87.51000213623047,42.279998779296875
2022-01-19 00:00:00-05:00,88.44000244140625,42.75
2022-01-20 00:00:00-05:00,88.37999725341797,41.150001525878906
2022-01-21 00:00:00-05:00,87.88999938964844,42.56999969482422
2022-01-24 00:00:00-05:00,86.2699966430664,47.84000015258789
2022-01-25 00:00:00-05:00,88.19999694824219,47.630001068115234
2022-01-26 00:00:00-05:00,89.95999908447266,45.66999816894531
2022-01-27 00:00:00-05:00,89.33999633789062,46.900001525878906
2022-01-28 00:00:00-05:00,90.02999877929688,47.7400016784668
2022-01-31 00:00:00-05:00,91.20999908447266,42.349998474121094
2022-02-01 00:00:00-05:00,89.16000366210938,41.310001373291016
2022-02-02 00:00:00-05:00,89.47000122070312,41.86000061035156
2022-02-03 00:00:00-05:00,91.11000061035156,42.150001525878906
2022-02-04 00:00:00-05:00,93.2699966430664,43.880001068115234
2022-02-07 00:00:00-05:00,92.69000244140625,43.34000015258789
2022-02-08 00:00:00-05:00,90.77999877929688,41.2599983215332
2022-02-09 00:00:00-05:00,91.55000305175781,39.400001525878906
2022-02-10 00:00:00-05:00,91.41000366210938,43.810001373291016
2022-02-11 00:00:00-05:00,94.44000244140625,47.439998626708984
2022-02-14 00:00:00-05:00,96.4800033569336,48.83000183105469
2022-02-15 00:00:00-05:00,93.27999877929688,48.36000061035156
2022-02-16 00:00:00-05:00,94.80999755859375,49.380001068115234
2022-02-17 00:00:00-05:00,92.97000122070312,53.13999938964844
2022-02-18 00:00:00-05:00,93.54000091552734,52.0099983215332
2022-02-22 00:00:00-05:00,96.83999633789062,50.11000061035156
2022-02-23 00:00:00-05:00,96.83999633789062,50.5099983215332
2022-02-24 00:00:00-05:00,99.08000183105469,49.040000915527344
2022-02-25 00:00:00-05:00,97.93000030517578,49.5
2022-02-28 00:00:00-05:00,100.98999786376953,52.5
2022-03-01 00:00:00-05:00,104.97000122070312,61.43000030517578
2022-03-02 00:00:00-05:00,112.93000030517578,61.529998779296875
2022-03-03 00:00:00-05:00,110.45999908447266,64.37000274658203
2022-03-04 00:00:00-05:00,118.11000061035156,77.29000091552734
2022-03-07 00:00:00-05:00,123.20999908447266,78.91000366210938
2022-03-08 00:00:00-05:00,127.9800033569336,75.81999969482422
2022-03-09 00:00:00-05:00,111.13999938964844,73.25
2022-03-10 00:00:00-05:00,109.33000183105469,67.33999633789062
2022-03-11 00:00:00-05:00,112.66999816894531,68.01000213623047
2022-03-14 00:00:00-04:00,106.9000015258789,65.41999816894531
2022-03-15 00:00:00-04:00,99.91000366210938,63.619998931884766
2022-03-16 00:00:00-04:00,98.0199966430664,59.349998474121094
2022-03-17 00:00:00-04:00,106.63999938964844,67.77999877929688
2022-03-18 00:00:00-04:00,107.93000030517578,69.08999633789062
2022-03-21 00:00:00-04:00,115.62000274658203,70.77999877929688
2022-03-22 00:00:00-04:00,115.4800033569336,69.55999755859375
2022-03-23 00:00:00-04:00,121.5999984741211,72.58999633789062
2022-03-24 00:00:00-04:00,119.02999877929688,69.13999938964844
2022-03-25 00:00:00-04:00,120.6500015258789,68.91000366210938
2022-03-28 00:00:00-04:00,112.4800033569336,67.04000091552734
2022-03-29 00:00:00-04:00,110.2300033569336,62.459999084472656
2022-03-30 00:00:00-04:00,113.44999694824219,61.040000915527344
2022-03-31 00:00:00-04:00,107.91000366210938,57.65999984741211
2022-04-01 00:00:00-04:00,104.38999938964844,54.36000061035156
2022-04-04 00:00:00-04:00,107.52999877929688,54.310001373291016
2022-04-05 00:00:00-04:00,106.63999938964844,53.79999923706055
2022-04-06 00:00:00-04:00,101.06999969482422,53.150001525878906
2022-04-07 00:00:00-04:00,100.58000183105469,54.22999954223633
2022-04-08 00:00:00-04:00,102.77999877929688,53.13999938964844
2022-04-11 00:00:00-04:00,98.4800033569336,54.810001373291016
2022-04-12 00:00:00-04:00,104.63999938964844,55.25
2022-04-13 00:00:00-04:00,108.77999877929688,51.20000076293945
2022-04-14 00:00:00-04:00,111.69999694824219,53.380001068115234
2022-04-18 00:00:00-04:00,113.16000366210938,50.939998626708984
2022-04-19 00:00:00-04:00,107.25,50.34000015258789
2022-04-20 00:00:00-04:00,106.80000305175781,52.22999954223633
2022-04-21 00:00:00-04:00,108.33000183105469,49.86000061035156
2022-04-22 00:00:00-04:00,106.6500015258789,51.150001525878906
2022-04-25 00:00:00-04:00,102.31999969482422,52.86000061035156
2022-04-26 00:00:00-04:00,104.98999786376953,53.56999969482422
2022-04-27 00:00:00-04:00,105.31999969482422,53.380001068115234
2022-04-28 00:00:00-04:00,107.58999633789062,51.939998626708984
2022-04-29 00:00:00-04:00,109.33999633789062,53.099998474121094
2022-05-02 00:00:00-04:00,107.58000183105469,54.150001525878906
2022-05-03 00:00:00-04:00,104.97000122070312,54.040000915527344
2022-05-04 00:00:00-04:00,110.13999938964844,53.150001525878906
2022-05-05 00:00:00-04:00,110.9000015258789,54.720001220703125
2022-05-06 00:00:00-04:00,112.38999938964844,54.81999969482422
2022-05-09 00:00:00-04:00,105.94000244140625,57.900001525878906
2022-05-10 00:00:00-04:00,102.45999908447266,56.060001373291016
2022-05-11 00:00:00-04:00,107.51000213623047,53.43000030517578
2022-05-12 00:00:00-04:00,107.44999694824219,52.709999084472656
2022-05-13 00:00:00-04:00,111.55000305175781,51.220001220703125
2022-05-16 00:00:00-04:00,114.23999786376953,51.88999938964844
2022-05-17 00:00:00-04:00,111.93000030517578,50.34000015258789
2022-05-18 00:00:00-04:00,109.11000061035156,51.88999938964844
2022-05-19 00:00:00-04:00,112.04000091552734,51.15999984741211
2022-05-20 00:00:00-04:00,112.55000305175781,50.720001220703125
2022-05-23 00:00:00-04:00,113.41999816894531,48.630001068115234
2022-05-24 00:00:00-04:00,113.55999755859375,47.040000915527344
2022-05-25 00:00:00-04:00,114.02999877929688,46.7599983215332
2022-05-26 00:00:00-04:00,117.4000015258789,46.029998779296875
2022-05-27 00:00:00-04:00,119.43000030517578,47.91999816894531
2022-05-31 00:00:00-04:00,122.83999633789062,49.81999969482422
2022-06-01 00:00:00-04:00,116.29000091552734,49.13999938964844
2022-06-02 00:00:00-04:00,117.61000061035156,47.79999923706055
2022-06-03 00:00:00-04:00,119.72000122070312,46.22999954223633
2022-06-06 00:00:00-04:00,119.51000213623047,47.900001525878906
2022-06-07 00:00:00-04:00,120.56999969482422,45.880001068115234
2022-06-08 00:00:00-04:00,123.58000183105469,44.369998931884766
2022-06-09 00:00:00-04:00,123.06999969482422,43.869998931884766
2022-06-10 00:00:00-04:00,122.01000213623047,42.91999816894531
2022-06-13 00:00:00-04:00,122.2699966430664,47.560001373291016
2022-06-14 00:00:00-04:00,121.16999816894531,46.630001068115234
2022-06-15 00:00:00-04:00,118.51000213623047,47.040000915527344
2022-06-16 00:00:00-04:00,119.80999755859375,46.27000045776367
2022-06-17 00:00:00-04:00,113.12000274658203,49.189998626708984
2022-06-21 00:00:00-04:00,114.6500015258789,46.560001373291016
2022-06-22 00:00:00-04:00,111.73999786376953,48.9900016784668
2022-06-23 00:00:00-04:00,110.05000305175781,48.58000183105469
2022-06-24 00:00:00-04:00,113.12000274658203,46.9900016784668
2022-06-27 00:00:00-04:00,115.08999633789062,46.9900016784668
2022-06-28 00:00:00-04:00,117.9800033569336,46.59000015258789
2022-06-29 00:00:00-04:00,116.26000213623047,48.56999969482422
2022-06-30 00:00:00-04:00,114.80999755859375,48.900001525878906
2022-07-01 00:00:00-04:00,111.62999725341797,49.400001525878906
2022-07-05 00:00:00-04:00,102.7699966430664,52.61000061035156
2022-07-06 00:00:00-04:00,100.69000244140625,54.66999816894531
2022-07-07 00:00:00-04:00,104.6500015258789,52.869998931884766
2022-07-08 00:00:00-04:00,107.0199966430664,52.099998474121094
2022-07-11 00:00:00-04:00,107.0999984741211,53.099998474121094
2022-07-12 00:00:00-04:00,99.48999786376953,54.400001525878906
2022-07-13 00:00:00-04:00,99.56999969482422,51.7599983215332
2022-07-14 00:00:00-04:00,99.0999984741211,53.029998779296875
2022-07-15 00:00:00-04:00,101.16000366210938,51.77000045776367
2022-07-18 00:00:00-04:00,106.2699966430664,49.65999984741211
2022-07-19 00:00:00-04:00,107.3499984741211,48.77000045776367
2022-07-20 00:00:00-04:00,106.91999816894531,47.540000915527344
2022-07-21 00:00:00-04:00,103.86000061035156,51.099998474121094
2022-07-22 00:00:00-04:00,103.19999694824219,47.84000015258789
2022-07-25 00:00:00-04:00,105.1500015258789,47.959999084472656
2022-07-26 00:00:00-04:00,104.4000015258789,47.810001373291016
2022-07-27 00:00:00-04:00,106.62000274658203,48.9900016784668
2022-07-28 00:00:00-04:00,107.13999938964844,47.16999816894531
2022-07-29 00:00:00-04:00,110.01000213623047,46.189998626708984
2022-08-01 00:00:00-04:00,100.02999877929688,49.970001220703125
2022-08-02 00:00:00-04:00,100.54000091552734,52.77000045776367
2022-08-03 00:00:00-04:00,96.77999877929688,50.119998931884766
2022-08-04 00:00:00-04:00,94.12000274658203,55.13999938964844
2022-08-05 00:00:00-04:00,94.91999816894531,48.7599983215332
2022-08-08 00:00:00-04:00,96.6500015258789,46.400001525878906
2022-08-09 00:00:00-04:00,96.30999755859375,46.22999954223633
2022-08-10 00:00:00-04:00,97.4000015258789,46.560001373291016
2022-08-11 00:00:00-04:00,99.5999984741211,45.369998931884766
2022-08-12 00:00:00-04:00,98.1500015258789,44.0
2022-08-15 00:00:00-04:00,95.0999984741211,46.630001068115234
2022-08-16 00:00:00-04:00,92.33999633789062,50.25
2022-08-17 00:00:00-04:00,93.6500015258789,51.54999923706055
2022-08-18 00:00:00-04:00,96.58999633789062,47.40999984741211
2022-08-19 00:00:00-04:00,96.72000122070312,50.34000015258789
2022-08-22 00:00:00-04:00,96.4800033569336,50.63999938964844
2022-08-23 00:00:00-04:00,100.22000122070312,47.349998474121094
2022-08-24 00:00:00-04:00,101.22000122070312,48.33000183105469
2022-08-25 00:00:00-04:00,99.33999633789062,48.779998779296875
2022-08-26 00:00:00-04:00,100.98999786376953,47.08000183105469
2022-08-29 00:00:00-04:00,105.08999633789062,47.72999954223633
2022-08-30 00:00:00-04:00,99.30999755859375,49.7400016784668
2022-08-31 00:00:00-04:00,96.48999786376953,52.11000061035156
2022-09-01 00:00:00-04:00,92.36000061035156,53.900001525878906
2022-09-02 00:00:00-04:00,93.0199966430664,53.900001525878906
2022-09-06 00:00:00-04:00,92.83000183105469,50.0
2022-09-07 00:00:00-04:00,88.0,53.31999969482422
2022-09-08 00:00:00-04:00,89.1500015258789,51.290000915527344
2022-09-09 00:00:00-04:00,92.83999633789062,48.84000015258789
2022-09-12 00:00:00-04:00,94.0,44.150001525878906
2022-09-13 00:00:00-04:00,93.16999816894531,44.810001373291016
2022-09-14 00:00:00-04:00,94.0999984741211,45.619998931884766
2022-09-15 00:00:00-04:00,90.83999633789062,46.630001068115234
2022-09-16 00:00:00-04:00,91.3499984741211,47.439998626708984
2022-09-19 00:00:00-04:00,92.0,46.75
2022-09-20 00:00:00-04:00,90.62000274658203,48.22999954223633
2022-09-21 00:00:00-04:00,89.83000183105469,48.650001525878906
2022-09-22 00:00:00-04:00,90.45999908447266,47.099998474121094
2022-09-23 00:00:00-04:00,86.1500015258789,50.81999969482422
2022-09-26 00:00:00-04:00,84.05999755859375,56.68000030517578
2022-09-27 00:00:00-04:00,86.2699966430664,55.88999938964844
2022-09-28 00:00:00-04:00,89.31999969482422,55.02000045776367
2022-09-29 00:00:00-04:00,88.48999786376953,54.40999984741211
2022-09-30 00:00:00-04:00,87.95999908447266,55.689998626708984
2022-10-03 00:00:00-04:00,88.86000061035156,56.2400016784668
2022-10-04 00:00:00-04:00,91.80000305175781,59.5099983215332
2022-10-05 00:00:00-04:00,93.37000274658203,54.20000076293945
2022-10-06 00:00:00-04:00,94.41999816894531,53.38999938964844
2022-10-07 00:00:00-04:00,97.91999816894531,53.63999938964844
2022-10-10 00:00:00-04:00,96.19000244140625,51.41999816894531
2022-10-11 00:00:00-04:00,94.29000091552734,51.91999816894531
2022-10-12 00:00:00-04:00,92.44999694824219,51.52000045776367
2022-10-13 00:00:00-04:00,94.56999969482422,50.52000045776367
2022-10-14 00:00:00-04:00,91.62999725341797,50.29999923706055
2022-10-17 00:00:00-04:00,91.62000274658203,50.27000045776367
2022-10-18 00:00:00-04:00,90.02999877929688,49.119998931884766
2022-10-19 00:00:00-04:00,92.41000366210938,47.779998779296875
2022-10-20 00:00:00-04:00,92.37999725341797,47.97999954223633
2022-10-21 00:00:00-04:00,93.5,47.189998626708984
2022-10-24 00:00:00-04:00,93.26000213623047,47.779998779296875
2022-10-25 00:00:00-04:00,93.5199966430664,47.29999923706055
2022-10-26 00:00:00-04:00,95.69000244140625,48.58000183105469
2022-10-27 00:00:00-04:00,96.95999908447266,49.02000045776367
2022-10-28 00:00:00-04:00,95.7699966430664,47.810001373291016
2022-10-31 00:00:00-04:00,94.83000183105469,47.40999984741211
2022-11-01 00:00:00-04:00,94.6500015258789,47.040000915527344
2022-11-02 00:00:00-04:00,96.16000366210938,47.75
2022-11-03 00:00:00-04:00,94.66999816894531,46.470001220703125
2022-11-04 00:00:00-04:00,98.56999969482422,47.5
2022-11-07 00:00:00-05:00,97.91999816894531,45.11000061035156
2022-11-08 00:00:00-05:00,95.36000061035156,45.040000915527344
2022-11-09 00:00:00-05:00,92.6500015258789,45.380001068115234
2022-11-10 00:00:00-05:00,93.66999816894531,43.47999954223633
2022-11-11 00:00:00-05:00,95.98999786376953,42.060001373291016
2022-11-14 00:00:00-05:00,93.13999938964844,44.41999816894531
2022-11-15 00:00:00-05:00,93.86000061035156,46.720001220703125
2022-11-16 00:00:00-05:00,92.86000061035156,45.119998931884766
2022-11-17 00:00:00-05:00,89.77999877929688,45.34000015258789
2022-11-18 00:00:00-05:00,87.62000274658203,45.93000030517578
2022-11-21 00:00:00-05:00,87.44999694824219,47.11000061035156
2022-11-22 00:00:00-05:00,88.36000061035156,46.29999923706055
2022-11-23 00:00:00-05:00,85.41000366210938,51.560001373291016
2022-11-25 00:00:00-05:00,83.62999725341797,50.15999984741211
2022-11-28 00:00:00-05:00,83.19000244140625,50.529998779296875
2022-11-29 00:00:00-05:00,83.02999877929688,47.90999984741211
2022-11-30 00:00:00-05:00,85.43000030517578,46.150001525878906
2022-12-01 00:00:00-05:00,86.87999725341797,45.61000061035156
2022-12-02 00:00:00-05:00,85.56999969482422,45.7599983215332
2022-12-05 00:00:00-05:00,82.68000030517578,45.40999984741211
2022-12-06 00:00:00-05:00,79.3499984741211,46.36000061035156
2022-12-07 00:00:00-05:00,77.16999816894531,47.90999984741211
2022-12-08 00:00:00-05:00,76.1500015258789,47.16999816894531
2022-12-09 00:00:00-05:00,76.0999984741211,46.93000030517578
2022-12-12 00:00:00-05:00,77.98999786376953,44.9900016784668
2022-12-13 00:00:00-05:00,80.68000030517578,43.369998931884766
2022-12-14 00:00:00-05:00,82.69999694824219,41.81999969482422
2022-12-15 00:00:00-05:00,81.20999908447266,43.70000076293945
2022-12-16 00:00:00-05:00,79.04000091552734,42.290000915527344
2022-12-19 00:00:00-05:00,79.80000305175781,42.470001220703125
2022-12-20 00:00:00-05:00,79.98999786376953,41.790000915527344
2022-12-21 00:00:00-05:00,82.19999694824219,41.18000030517578
2022-12-22 00:00:00-05:00,80.9800033569336,41.79999923706055
2022-12-23 00:00:00-05:00,83.91999816894531,41.209999084472656
2022-12-27 00:00:00-05:00,84.33000183105469,43.5
2022-12-28 00:00:00-05:00,83.26000213623047,43.95000076293945
2022-12-29 00:00:00-05:00,82.26000213623047,42.599998474121094
2022-12-30 00:00:00-05:00,85.91000366210938,41.2599983215332
2023-01-03 00:00:00-05:00,82.0999984741211,44.13999938964844
2023-01-04 00:00:00-05:00,77.83999633789062,45.83000183105469
2023-01-05 00:00:00-05:00,78.69000244140625,43.93000030517578
2023-01-06 00:00:00-05:00,78.56999969482422,42.939998626708984
2023-01-09 00:00:00-05:00,79.6500015258789,42.75
2023-01-10 00:00:00-05:00,80.0999984741211,41.599998474121094
2023-01-11 00:00:00-05:00,82.66999816894531,41.189998626708984
2023-01-12 00:00:00-05:00,84.02999877929688,39.279998779296875
2023-01-13 00:00:00-05:00,85.27999877929688,38.189998626708984
2023-01-17 00:00:00-05:00,85.91999816894531,40.099998474121094
2023-01-18 00:00:00-05:00,84.9800033569336,39.25
2023-01-19 00:00:00-05:00,86.16000366210938,39.02000045776367
2023-01-20 00:00:00-05:00,87.62999725341797,37.810001373291016
2023-01-23 00:00:00-05:00,88.19000244140625,37.29999923706055
2023-01-24 00:00:00-05:00,86.12999725341797,38.2599983215332
2023-01-25 00:00:00-05:00,86.12000274658203,38.540000915527344
2023-01-26 00:00:00-05:00,87.47000122070312,38.119998931884766
2023-01-27 00:00:00-05:00,86.66000366210938,38.599998474121094
2023-01-30 00:00:00-05:00,84.9000015258789,40.18000030517578
2023-01-31 00:00:00-05:00,84.48999786376953,38.54999923706055
2023-02-01 00:00:00-05:00,82.83999633789062,37.9900016784668
2023-02-02 00:00:00-05:00,82.16999816894531,38.4900016784668
2023-02-03 00:00:00-05:00,79.94000244140625,39.47999954223633
2023-02-06 00:00:00-05:00,80.98999786376953,38.91999816894531
2023-02-07 00:00:00-05:00,83.69000244140625,37.310001373291016
2023-02-08 00:00:00-05:00,85.08999633789062,37.02000045776367
2023-02-09 00:00:00-05:00,84.5,35.75
2023-02-10 00:00:00-05:00,86.38999938964844,35.88999938964844
2023-02-13 00:00:00-05:00,86.61000061035156,37.77000045776367
2023-02-14 00:00:00-05:00,85.58000183105469,36.66999816894531
2023-02-15 00:00:00-05:00,85.37999725341797,35.70000076293945
2023-02-16 00:00:00-05:00,85.13999938964844,35.029998779296875
2023-02-17 00:00:00-05:00,83.0,36.040000915527344
2023-02-21 00:00:00-05:00,83.05000305175781,37.04999923706055
2023-02-22 00:00:00-05:00,80.5999984741211,38.36000061035156
2023-02-23 00:00:00-05:00,82.20999908447266,36.689998626708984
2023-02-24 00:00:00-05:00,83.16000366210938,37.25
2023-02-27 00:00:00-05:00,82.44999694824219,37.54999923706055
2023-02-28 00:00:00-05:00,83.88999938964844,35.41999816894531
2023-03-01 00:00:00-05:00,84.30999755859375,36.630001068115234
2023-03-02 00:00:00-05:00,84.75,35.61000061035156
2023-03-03 00:00:00-05:00,85.83000183105469,35.20000076293945
2023-03-06 00:00:00-05:00,86.18000030517578,33.029998779296875
2023-03-07 00:00:00-05:00,83.29000091552734,33.7599983215332
2023-03-08 00:00:00-05:00,82.66000366210938,33.38999938964844
2023-03-09 00:00:00-05:00,81.58999633789062,34.86000061035156
2023-03-10 00:00:00-05:00,82.77999877929688,36.7599983215332
2023-03-13 00:00:00-04:00,80.7699966430664,38.130001068115234
2023-03-14 00:00:00-04:00,77.44999694824219,47.40999984741211
2023-03-15 00:00:00-04:00,73.69000244140625,49.779998779296875
2023-03-16 00:00:00-04:00,74.69999694824219,48.650001525878906
2023-03-17 00:00:00-04:00,72.97000122070312,51.47999954223633
2023-03-20 00:00:00-04:00,73.79000091552734,51.13999938964844
2023-03-21 00:00:00-04:00,75.31999969482422,48.119998931884766
2023-03-22 00:00:00-04:00,76.69000244140625,46.970001220703125
2023-03-23 00:00:00-04:00,75.91000366210938,46.900001525878906
2023-03-24 00:00:00-04:00,74.98999786376953,48.36000061035156
2023-03-27 00:00:00-04:00,78.12000274658203,45.40999984741211
2023-03-28 00:00:00-04:00,78.6500015258789,44.310001373291016
2023-03-29 00:00:00-04:00,78.27999877929688,43.33000183105469
2023-03-30 00:00:00-04:00,79.2699966430664,42.02000045776367
2023-03-31 00:00:00-04:00,79.7699966430664,40.34000015258789
2023-04-03 00:00:00-04:00,84.93000030517578,39.4900016784668
2023-04-04 00:00:00-04:00,84.94000244140625,39.41999816894531
2023-04-05 00:00:00-04:00,84.98999786376953,39.13999938964844
2023-04-06 00:00:00-04:00,85.12000274658203,34.7599983215332
2023-04-10 00:00:00-04:00,84.18000030517578,34.310001373291016
2023-04-11 00:00:00-04:00,85.61000061035156,34.22999954223633
2023-04-12 00:00:00-04:00,87.33000183105469,33.7400016784668
2023-04-13 00:00:00-04:00,86.08999633789062,32.779998779296875
2023-04-14 00:00:00-04:00,86.30999755859375,32.5099983215332
2023-04-17 00:00:00-04:00,84.76000213623047,32.93000030517578
2023-04-18 00:00:00-04:00,84.7699966430664,33.689998626708984
2023-04-19 00:00:00-04:00,83.12000274658203,34.439998626708984
2023-04-20 00:00:00-04:00,81.0999984741211,36.40999984741211
2023-04-21 00:00:00-04:00,81.66000366210938,35.16999816894531
2023-04-24 00:00:00-04:00,82.7300033569336,34.279998779296875
2023-04-25 00:00:00-04:00,80.7699966430664,36.63999938964844
2023-04-26 00:00:00-04:00,77.69000244140625,39.25
2023-04-27 00:00:00-04:00,78.37000274658203,37.7599983215332
2023-04-28 00:00:00-04:00,79.54000091552734,35.630001068115234
2023-05-01 00:00:00-04:00,79.30999755859375,35.939998626708984
2023-05-02 00:00:00-04:00,75.31999969482422,39.47999954223633
2023-05-03 00:00:00-04:00,72.33000183105469,43.22999954223633
2023-05-04 00:00:00-04:00,72.5,43.75
2023-05-05 00:00:00-04:00,75.30000305175781,37.349998474121094
2023-05-08 00:00:00-04:00,77.01000213623047,35.540000915527344
2023-05-09 00:00:00-04:00,77.44000244140625,35.130001068115234
2023-05-10 00:00:00-04:00,76.41000366210938,34.130001068115234
2023-05-11 00:00:00-04:00,74.9800033569336,35.7400016784668
2023-05-12 00:00:00-04:00,74.16999816894531,37.31999969482422
2023-05-15 00:00:00-04:00,75.2300033569336,35.15999984741211
2023-05-16 00:00:00-04:00,74.91000366210938,35.97999954223633
2023-05-17 00:00:00-04:00,76.95999908447266,36.439998626708984
2023-05-18 00:00:00-04:00,75.86000061035156,36.02000045776367
2023-05-19 00:00:00-04:00,75.58000183105469,35.849998474121094
2023-05-22 00:00:00-04:00,75.98999786376953,35.52000045776367
2023-05-23 00:00:00-04:00,76.83999633789062,35.11000061035156
2023-05-24 00:00:00-04:00,78.36000061035156,35.86000061035156
2023-05-25 00:00:00-04:00,76.26000213623047,36.7400016784668
2023-05-26 00:00:00-04:00,76.94999694824219,35.95000076293945
2023-05-30 00:00:00-04:00,73.54000091552734,39.68000030517578
2023-05-31 00:00:00-04:00,72.66000366210938,40.68000030517578
2023-06-01 00:00:00-04:00,74.27999877929688,40.5
2023-06-02 00:00:00-04:00,76.12999725341797,39.599998474121094
2023-06-05 00:00:00-04:00,76.70999908447266,37.45000076293945
2023-06-06 00:00:00-04:00,76.29000091552734,36.06999969482422
2023-06-07 00:00:00-04:00,76.94999694824219,34.130001068115234
2023-06-08 00:00:00-04:00,75.95999908447266,35.18000030517578
2023-06-09 00:00:00-04:00,74.79000091552734,33.70000076293945
2023-06-12 00:00:00-04:00,71.83999633789062,36.349998474121094
2023-06-13 00:00:00-04:00,74.29000091552734,32.380001068115234
2023-06-14 00:00:00-04:00,73.19999694824219,33.65999984741211
2023-06-15 00:00:00-04:00,75.66999816894531,33.06999969482422
2023-06-16 00:00:00-04:00,76.61000061035156,32.9900016784668
2023-06-20 00:00:00-04:00,75.9000015258789,34.75
2023-06-21 00:00:00-04:00,77.12000274658203,33.2599983215332
2023-06-22 00:00:00-04:00,74.13999938964844,34.93000030517578
2023-06-23 00:00:00-04:00,73.8499984741211,35.36000061035156
2023-06-26 00:00:00-04:00,74.18000030517578,36.66999816894531
2023-06-27 00:00:00-04:00,72.26000213623047,39.29999923706055
2023-06-28 00:00:00-04:00,74.02999877929688,36.86000061035156
2023-06-29 00:00:00-04:00,74.33999633789062,35.41999816894531
2023-06-30 00:00:00-04:00,74.9000015258789,33.279998779296875
2023-07-03 00:00:00-04:00,74.6500015258789,33.880001068115234
2023-07-05 00:00:00-04:00,76.6500015258789,33.90999984741211
2023-07-06 00:00:00-04:00,76.5199966430664,35.130001068115234
2023-07-07 00:00:00-04:00,78.47000122070312,34.54999923706055
2023-07-10 00:00:00-04:00,77.69000244140625,38.349998474121094
2023-07-11 00:00:00-04:00,79.4000015258789,32.43000030517578
2023-07-12 00:00:00-04:00,80.11000061035156,32.689998626708984
2023-07-13 00:00:00-04:00,81.36000061035156,30.040000915527344
2023-07-14 00:00:00-04:00,79.87000274658203,30.0
2023-07-17 00:00:00-04:00,78.5,31.34000015258789
2023-07-18 00:00:00-04:00,79.62999725341797,30.65999984741211
2023-07-19 00:00:00-04:00,79.45999908447266,31.059999465942383
2023-07-20 00:00:00-04:00,79.63999938964844,30.149999618530273
2023-07-21 00:00:00-04:00,81.06999969482422,29.649999618530273
2023-07-24 00:00:00-04:00,82.73999786376953,30.110000610351562
2023-07-25 00:00:00-04:00,83.63999938964844,30.6299991607666
2023-07-26 00:00:00-04:00,82.91999816894531,29.969999313354492
2023-07-27 00:00:00-04:00,84.23999786376953,29.1200008392334
2023-07-28 00:00:00-04:00,84.98999786376953,29.40999984741211
2023-07-31 00:00:00-04:00,85.55999755859375,28.479999542236328
2023-08-01 00:00:00-04:00,84.91000366210938,28.350000381469727
2023-08-02 00:00:00-04:00,83.19999694824219,28.739999771118164
2023-08-03 00:00:00-04:00,85.13999938964844,28.540000915527344
2023-08-04 00:00:00-04:00,86.23999786376953,28.059999465942383
2023-08-07 00:00:00-04:00,85.33999633789062,27.729999542236328
2023-08-08 00:00:00-04:00,86.16999816894531,27.139999389648438
2023-08-09 00:00:00-04:00,87.55000305175781,28.559999465942383
2023-08-10 00:00:00-04:00,86.4000015258789,27.270000457763672
2023-08-11 00:00:00-04:00,86.80999755859375,28.040000915527344
2023-08-14 00:00:00-04:00,86.20999908447266,27.549999237060547
2023-08-15 00:00:00-04:00,84.88999938964844,28.299999237060547
2023-08-16 00:00:00-04:00,83.44999694824219,28.540000915527344
2023-08-17 00:00:00-04:00,84.12000274658203,29.299999237060547
2023-08-18 00:00:00-04:00,84.80000305175781,28.43000030517578
2023-08-21 00:00:00-04:00,84.45999908447266,28.899999618530273
2023-08-22 00:00:00-04:00,84.02999877929688,28.559999465942383
2023-08-23 00:00:00-04:00,83.20999908447266,28.469999313354492
2023-08-24 00:00:00-04:00,83.36000061035156,28.8799991607666
2023-08-25 00:00:00-04:00,84.4800033569336,28.809999465942383
2023-08-28 00:00:00-04:00,84.41999816894531,28.65999984741211
2023-08-29 00:00:00-04:00,85.48999786376953,27.6299991607666
2023-08-30 00:00:00-04:00,85.86000061035156,26.6299991607666
2023-08-31 00:00:00-04:00,86.86000061035156,26.559999465942383
2023-09-01 00:00:00-04:00,88.55000305175781,27.479999542236328
2023-09-05 00:00:00-04:00,90.04000091552734,28.649999618530273
2023-09-06 00:00:00-04:00,90.5999984741211,28.329999923706055
2023-09-07 00:00:00-04:00,89.91999816894531,27.59000015258789
2023-09-08 00:00:00-04:00,90.6500015258789,27.15999984741211
2023-09-11 00:00:00-04:00,90.63999938964844,24.3700008392334
2023-09-12 00:00:00-04:00,92.05999755859375,24.229999542236328
2023-09-13 00:00:00-04:00,91.87999725341797,25.059999465942383
2023-09-14 00:00:00-04:00,93.69999694824219,26.559999465942383
2023-09-15 00:00:00-04:00,93.93000030517578,27.15999984741211
2023-09-18 00:00:00-04:00,94.43000030517578,27.90999984741211
2023-09-19 00:00:00-04:00,94.33999633789062,30.31999969482422
2023-09-20 00:00:00-04:00,93.52999877929688,30.3799991607666
2023-09-21 00:00:00-04:00,93.30000305175781,31.350000381469727
2023-09-22 00:00:00-04:00,93.2699966430664,30.610000610351562
2023-09-25 00:00:00-04:00,93.29000091552734,30.959999084472656
2023-09-26 00:00:00-04:00,93.95999908447266,31.299999237060547
2023-09-27 00:00:00-04:00,96.55000305175781,32.47999954223633
2023-09-28 00:00:00-04:00,95.37999725341797,31.6200008392334
2023-09-29 00:00:00-04:00,95.30999755859375,32.2400016784668
2023-10-02 00:00:00-04:00,90.70999908447266,32.0
2023-10-03 00:00:00-04:00,90.91999816894531,33.25
2023-10-04 00:00:00-04:00,85.80999755859375,35.349998474121094
2023-10-05 00:00:00-04:00,84.06999969482422,36.59000015258789
2023-10-06 00:00:00-04:00,84.58000183105469,35.68000030517578
2023-10-09 00:00:00-04:00,88.1500015258789,39.849998474121094
2023-10-10 00:00:00-04:00,87.6500015258789,39.540000915527344
2023-10-11 00:00:00-04:00,85.81999969482422,38.939998626708984
2023-10-12 00:00:00-04:00,86.0,38.52000045776367
2023-10-13 00:00:00-04:00,90.88999938964844,44.2400016784668
2023-10-16 00:00:00-04:00,89.6500015258789,40.70000076293945
2023-10-17 00:00:00-04:00,89.9000015258789,41.369998931884766
2023-10-18 00:00:00-04:00,91.5,44.400001525878906
2023-10-19 00:00:00-04:00,92.37999725341797,45.70000076293945
2023-10-20 00:00:00-04:00,92.16000366210938,43.790000915527344
2023-10-23 00:00:00-04:00,89.83000183105469,41.7400016784668
2023-10-24 00:00:00-04:00,88.06999969482422,41.08000183105469
2023-10-25 00:00:00-04:00,90.12999725341797,44.90999984741211
2023-10-26 00:00:00-04:00,87.93000030517578,43.93000030517578
2023-10-27 00:00:00-04:00,90.4800033569336,46.63999938964844
2023-10-30 00:00:00-04:00,87.44999694824219,44.0099983215332
2023-10-31 00:00:00-04:00,87.41000366210938,41.9900016784668
2023-11-01 00:00:00-04:00,84.62999725341797,40.52000045776367
2023-11-02 00:00:00-04:00,86.8499984741211,39.790000915527344
2023-11-03 00:00:00-04:00,84.88999938964844,38.529998779296875
2023-11-06 00:00:00-05:00,85.18000030517578,36.310001373291016
2023-11-07 00:00:00-05:00,81.61000061035156,38.720001220703125
2023-11-08 00:00:00-05:00,79.54000091552734,40.439998626708984
2023-11-09 00:00:00-05:00,80.01000213623047,41.22999954223633
2023-11-10 00:00:00-05:00,81.43000030517578,39.290000915527344
2023-11-13 00:00:00-05:00,82.5199966430664,39.400001525878906
2023-11-14 00:00:00-05:00,82.47000122070312,38.290000915527344
2023-11-15 00:00:00-05:00,81.18000030517578,39.5099983215332
2023-11-16 00:00:00-05:00,77.41999816894531,42.529998779296875
2023-11-17 00:00:00-05:00,80.61000061035156,40.43000030517578
2023-11-20 00:00:00-05:00,82.31999969482422,39.0
2023-11-21 00:00:00-05:00,82.44999694824219,38.52000045776367
2023-11-22 00:00:00-05:00,81.95999908447266,42.7599983215332
2023-11-24 00:00:00-05:00,80.58000183105469,43.380001068115234
2023-11-27 00:00:00-05:00,79.9800033569336,43.900001525878906
2023-11-28 00:00:00-05:00,81.68000030517578,43.13999938964844
2023-11-29 00:00:00-05:00,83.0999984741211,42.900001525878906
2023-11-30 00:00:00-05:00,82.83000183105469,39.400001525878906
2023-12-01 00:00:00-05:00,78.87999725341797,35.70000076293945
2023-12-04 00:00:00-05:00,78.02999877929688,38.08000183105469
2023-12-05 00:00:00-05:00,77.19999694824219,36.36000061035156
2023-12-06 00:00:00-05:00,74.30000305175781,39.720001220703125
2023-12-07 00:00:00-05:00,74.05000305175781,37.81999969482422
2023-12-08 00:00:00-05:00,75.83999633789062,36.2400016784668
2023-12-11 00:00:00-05:00,76.02999877929688,35.29999923706055
2023-12-12 00:00:00-05:00,73.23999786376953,36.380001068115234
2023-12-13 00:00:00-05:00,74.26000213623047,36.599998474121094
2023-12-14 00:00:00-05:00,76.61000061035156,33.97999954223633
2023-12-15 00:00:00-05:00,76.55000305175781,35.130001068115234
2023-12-18 00:00:00-05:00,77.94999694824219,37.09000015258789
2023-12-19 00:00:00-05:00,79.2300033569336,35.040000915527344
2023-12-20 00:00:00-05:00,79.69999694824219,34.97999954223633
2023-12-21 00:00:00-05:00,79.38999938964844,35.439998626708984
2023-12-22 00:00:00-05:00,79.06999969482422,33.31999969482422
2023-12-26 00:00:00-05:00,81.06999969482422,34.529998779296875
2023-12-27 00:00:00-05:00,79.6500015258789,35.40999984741211
2023-12-28 00:00:00-05:00,78.38999938964844,36.45000076293945
2023-12-29 00:00:00-05:00,77.04000091552734,36.220001220703125
2024-01-02 00:00:00-05:00,75.88999938964844,39.04999923706055
2024-01-03 00:00:00-05:00,78.25,38.220001220703125
2024-01-04 00:00:00-05:00,77.58999633789062,37.58000183105469
2024-01-05 00:00:00-05:00,78.76000213623047,36.06999969482422
2024-01-08 00:00:00-05:00,76.12000274658203,36.790000915527344
2024-01-09 00:00:00-05:00,77.58999633789062,36.09000015258789
2024-01-10 00:00:00-05:00,76.80000305175781,36.349998474121094
2024-01-11 00:00:00-05:00,77.41000366210938,36.779998779296875
2024-01-12 00:00:00-05:00,78.29000091552734,40.63999938964844
2024-01-16 00:00:00-05:00,78.29000091552734,38.34000015258789
2024-01-17 00:00:00-05:00,77.87999725341797,37.060001373291016
2024-01-18 00:00:00-05:00,79.0999984741211,35.97999954223633
2024-01-19 00:00:00-05:00,78.55999755859375,35.790000915527344
2024-01-22 00:00:00-05:00,80.05999755859375,35.709999084472656
2024-01-23 00:00:00-05:00,79.55000305175781,34.9900016784668
2024-01-24 00:00:00-05:00,80.04000091552734,33.9900016784668
2024-01-25 00:00:00-05:00,82.43000030517578,35.099998474121094
2024-01-26 00:00:00-05:00,83.55000305175781,34.779998779296875
2024-01-29 00:00:00-05:00,82.4000015258789,36.31999969482422
2024-01-30 00:00:00-05:00,82.87000274658203,36.189998626708984
2024-01-31 00:00:00-05:00,81.70999908447266,37.25
2024-02-01 00:00:00-05:00,78.69999694824219,35.380001068115234
2024-02-02 00:00:00-05:00,77.33000183105469,34.849998474121094
2024-02-05 00:00:00-05:00,77.98999786376953,34.43000030517578
2024-02-06 00:00:00-05:00,78.58999633789062,33.0099983215332
2024-02-07 00:00:00-05:00,79.20999908447266,31.209999084472656
2024-02-08 00:00:00-05:00,81.62999725341797,31.639999389648438
2024-02-09 00:00:00-05:00,82.19000244140625,32.439998626708984
2024-02-12 00:00:00-05:00,82.0,32.689998626708984
2024-02-13 00:00:00-05:00,82.7699966430664,32.369998931884766
2024-02-14 00:00:00-05:00,81.5999984741211,32.7599983215332
2024-02-15 00:00:00-05:00,82.86000061035156,32.02000045776367
2024-02-16 00:00:00-05:00,83.47000122070312,30.84000015258789
2024-02-20 00:00:00-05:00,82.33999633789062,31.809999465942383
2024-02-21 00:00:00-05:00,83.02999877929688,31.049999237060547
2024-02-22 00:00:00-05:00,83.66999816894531,30.549999237060547
2024-02-23 00:00:00-05:00,81.62000274658203,31.309999465942383
2024-02-26 00:00:00-05:00,82.52999877929688,31.709999084472656
2024-02-27 00:00:00-05:00,83.6500015258789,31.350000381469727
2024-02-28 00:00:00-05:00,83.68000030517578,31.209999084472656
2024-02-29 00:00:00-05:00,83.62000274658203,31.5
2024-03-01 00:00:00-05:00,83.55000305175781,31.079999923706055
2024-03-04 00:00:00-05:00,82.80000305175781,30.469999313354492
2024-03-05 00:00:00-05:00,82.04000091552734,30.190000534057617
2024-03-06 00:00:00-05:00,82.95999908447266,29.56999969482422
2024-03-07 00:00:00-05:00,82.95999908447266,29.56999969482422
2024-03-08 00:00:00-05:00,82.08000183105469,29.639999389648438
2024-03-11 00:00:00-04:00,82.20999908447266,29.110000610351562
2024-03-12 00:00:00-04:00,81.91999816894531,29.360000610351562
2024-03-13 00:00:00-04:00,84.02999877929688,29.520000457763672
2024-03-14 00:00:00-04:00,85.41999816894531,31.510000228881836
2024-03-15 00:00:00-04:00,85.33999633789062,29.770000457763672
2024-03-18 00:00:00-04:00,86.88999938964844,29.809999465942383
2024-03-19 00:00:00-04:00,87.37999725341797,29.219999313354492
2024-03-20 00:00:00-04:00,85.94999694824219,28.81999969482422
2024-03-21 00:00:00-04:00,85.77999877929688,27.530000686645508
2024-03-22 00:00:00-04:00,85.43000030517578,26.920000076293945
2024-03-25 00:00:00-04:00,86.75,27.489999771118164
2024-03-26 00:00:00-04:00,86.25,27.25
2024-03-27 00:00:00-04:00,86.08999633789062,26.600000381469727
2024-03-28 00:00:00-04:00,87.4800033569336,26.270000457763672
2024-04-01 00:00:00-04:00,87.41999816894531,27.649999618530273
2024-04-02 00:00:00-04:00,88.91999816894531,29.040000915527344
2024-04-03 00:00:00-04:00,89.3499984741211,29.079999923706055
2024-04-04 00:00:00-04:00,90.6500015258789,32.16999816894531
2024-04-05 00:00:00-04:00,91.16999816894531,32.36000061035156
2024-04-09 00:00:00-04:00,89.41999816894531,28.959999084472656
2024-04-10 00:00:00-04:00,90.4800033569336,30.079999923706055
2024-04-11 00:00:00-04:00,89.73999786376953,31.270000457763672
2024-04-12 00:00:00-04:00,90.44999694824219,32.189998626708984
2024-04-15 00:00:00-04:00,90.0999984741211,35.59000015258789
2024-04-16 00:00:00-04:00,90.0199966430664,33.61000061035156
2024-04-17 00:00:00-04:00,87.29000091552734,33.0
2024-04-18 00:00:00-04:00,87.11000061035156,31.399999618530273
2024-04-19 00:00:00-04:00,87.29000091552734,31.860000610351562
2024-04-22 00:00:00-04:00,87.0,29.700000762939453
2024-04-23 00:00:00-04:00,88.41999816894531,28.860000610351562
2024-04-24 00:00:00-04:00,88.0199966430664,29.040000915527344
2024-04-25 00:00:00-04:00,89.01000213623047,28.34000015258789
2024-04-26 00:00:00-04:00,89.5,27.809999465942383
2024-04-29 00:00:00-04:00,88.4000015258789,27.84000015258789
2024-04-30 00:00:00-04:00,87.86000061035156,27.8700008392334
2024-05-01 00:00:00-04:00,83.44000244140625,28.700000762939453
2024-05-02 00:00:00-04:00,83.66999816894531,27.649999618530273
2024-05-03 00:00:00-04:00,82.95999908447266,28.09000015258789
2024-05-06 00:00:00-04:00,83.33000183105469,28.579999923706055
2024-05-07 00:00:00-04:00,83.16000366210938,27.829999923706055
2024-05-08 00:00:00-04:00,83.58000183105469,27.90999984741211
2024-05-09 00:00:00-04:00,83.87999725341797,27.950000762939453
2024-05-10 00:00:00-04:00,82.79000091552734,27.8799991607666
2024-05-13 00:00:00-04:00,83.36000061035156,28.040000915527344
2024-05-14 00:00:00-04:00,82.37999725341797,28.010000228881836
2024-05-15 00:00:00-04:00,82.75,28.06999969482422
2024-05-16 00:00:00-04:00,83.2699966430664,27.079999923706055
2024-05-17 00:00:00-04:00,83.9800033569336,28.059999465942383
2024-05-20 00:00:00-04:00,83.70999908447266,27.889999389648438
2024-05-21 00:00:00-04:00,82.87999725341797,27.3799991607666
2024-05-22 00:00:00-04:00,81.9000015258789,27.709999084472656
2024-05-23 00:00:00-04:00,81.36000061035156,28.65999984741211
2024-05-24 00:00:00-04:00,82.12000274658203,27.559999465942383
2024-05-28 00:00:00-04:00,84.22000122070312,27.530000686645508
2024-05-29 00:00:00-04:00,83.5999984741211,26.770000457763672
2024-05-30 00:00:00-04:00,81.86000061035156,29.239999771118164
2024-05-31 00:00:00-04:00,81.62000274658203,30.34000015258789
2024-06-03 00:00:00-04:00,78.36000061035156,30.84000015258789
2024-06-04 00:00:00-04:00,77.5199966430664,30.59000015258789
2024-06-05 00:00:00-04:00,78.41000366210938,29.18000030517578
2024-06-06 00:00:00-04:00,79.87000274658203,27.709999084472656
2024-06-07 00:00:00-04:00,79.62000274658203,26.420000076293945
2024-06-10 00:00:00-04:00,81.62999725341797,25.690000534057617
2024-06-11 00:00:00-04:00,81.91999816894531,25.540000915527344
2024-06-12 00:00:00-04:00,82.5999984741211,24.799999237060547
2024-06-13 00:00:00-04:00,82.75,24.450000762939453
2024-06-14 00:00:00-04:00,82.62000274658203,24.709999084472656
2024-06-17 00:00:00-04:00,84.25,24.170000076293945
2024-06-18 00:00:00-04:00,85.33000183105469,23.729999542236328
2024-06-20 00:00:00-04:00,85.70999908447266,24.229999542236328
2024-06-21 00:00:00-04:00,85.23999786376953,24.739999771118164
2024-06-24 00:00:00-04:00,86.01000213623047,25.420000076293945
2024-06-25 00:00:00-04:00,85.01000213623047,25.75
2024-06-26 00:00:00-04:00,85.25,26.239999771118164
2024-06-27 00:00:00-04:00,86.38999938964844,26.280000686645508
2024-06-28 00:00:00-04:00,86.41000366210938,26.540000915527344
2024-07-01 00:00:00-04:00,86.5999984741211,27.290000915527344
2024-07-02 00:00:00-04:00,86.23999786376953,25.81999969482422
2024-07-03 00:00:00-04:00,87.33999633789062,24.6200008392334
2024-07-05 00:00:00-04:00,86.54000091552734,23.780000686645508
2024-07-08 00:00:00-04:00,85.75,23.809999465942383
2024-07-09 00:00:00-04:00,84.66000366210938,24.190000534057617
2024-07-10 00:00:00-04:00,85.08000183105469,24.010000228881836
2024-07-11 00:00:00-04:00,85.4000015258789,24.010000228881836
2024-07-12 00:00:00-04:00,85.02999877929688,24.1200008392334
2024-07-15 00:00:00-04:00,84.8499984741211,23.829999923706055
2024-07-16 00:00:00-04:00,83.7300033569336,24.40999984741211
2024-07-17 00:00:00-04:00,85.08000183105469,25.280000686645508
2024-07-18 00:00:00-04:00,85.11000061035156,25.68000030517578
2024-07-19 00:00:00-04:00,82.62999725341797,26.829999923706055
2024-07-22 00:00:00-04:00,82.4000015258789,26.829999923706055
2024-07-23 00:00:00-04:00,81.01000213623047,26.739999771118164
2024-07-24 00:00:00-04:00,81.70999908447266,26.850000381469727
2024-07-25 00:00:00-04:00,82.37000274658203,26.489999771118164
2024-07-26 00:00:00-04:00,81.12999725341797,29.770000457763672
2024-07-29 00:00:00-04:00,79.77999877929688,30.81999969482422
2024-07-30 00:00:00-04:00,78.62999725341797,31.489999771118164
2024-07-31 00:00:00-04:00,80.72000122070312,33.689998626708984
2024-08-01 00:00:00-04:00,79.5199966430664,33.41999816894531
2024-08-02 00:00:00-04:00,76.80999755859375,38.83000183105469
2024-08-05 00:00:00-04:00,76.30000305175781,43.630001068115234
2024-08-06 00:00:00-04:00,76.4800033569336,40.41999816894531
2024-08-07 00:00:00-04:00,78.33000183105469,38.0099983215332
2024-08-08 00:00:00-04:00,79.16000366210938,34.77000045776367
2024-08-09 00:00:00-04:00,79.66000366210938,33.369998931884766
2024-08-12 00:00:00-04:00,82.30000305175781,35.16999816894531
2024-08-13 00:00:00-04:00,80.69000244140625,33.2599983215332
2024-08-14 00:00:00-04:00,79.76000213623047,31.510000228881836
2024-08-15 00:00:00-04:00,81.04000091552734,31.139999389648438
2024-08-16 00:00:00-04:00,79.68000030517578,31.0
2024-08-19 00:00:00-04:00,77.66000366210938,32.029998779296875
2024-08-20 00:00:00-04:00,77.19999694824219,32.04999923706055
2024-08-21 00:00:00-04:00,76.05000305175781,32.70000076293945
2024-08-22 00:00:00-04:00,77.22000122070312,31.729999542236328
2024-08-23 00:00:00-04:00,79.0199966430664,30.540000915527344
2024-08-26 00:00:00-04:00,81.43000030517578,30.989999771118164
2024-08-27 00:00:00-04:00,79.55000305175781,31.25
2024-08-28 00:00:00-04:00,78.6500015258789,32.119998931884766
2024-08-29 00:00:00-04:00,79.94000244140625,31.809999465942383
2024-08-30 00:00:00-04:00,78.80000305175781,33.36000061035156
2024-09-03 00:00:00-04:00,73.75,35.36000061035156
2024-09-04 00:00:00-04:00,72.69999694824219,37.95000076293945
2024-09-05 00:00:00-04:00,72.69000244140625,36.61000061035156
2024-09-06 00:00:00-04:00,71.05999755859375,37.58000183105469
2024-09-09 00:00:00-04:00,71.83999633789062,37.0
2024-09-10 00:00:00-04:00,69.19000244140625,40.22999954223633
2024-09-11 00:00:00-04:00,70.61000061035156,37.7599983215332
2024-09-12 00:00:00-04:00,71.97000122070312,36.06999969482422
2024-09-13 00:00:00-04:00,71.61000061035156,35.220001220703125
2024-09-16 00:00:00-04:00,72.75,34.709999084472656
2024-09-17 00:00:00-04:00,73.69999694824219,35.290000915527344
2024-09-18 00:00:00-04:00,73.6500015258789,36.189998626708984
2024-09-19 00:00:00-04:00,74.87999725341797,33.720001220703125
2024-09-20 00:00:00-04:00,74.48999786376953,32.220001220703125
2024-09-23 00:00:00-04:00,73.9000015258789,34.38999938964844
2024-09-24 00:00:00-04:00,75.16999816894531,33.7599983215332
2024-09-25 00:00:00-04:00,73.45999908447266,34.400001525878906
2024-09-26 00:00:00-04:00,71.5999984741211,39.7599983215332
2024-09-27 00:00:00-04:00,71.9800033569336,39.619998931884766
2024-09-30 00:00:00-04:00,71.7699966430664,39.86000061035156
2024-10-01 00:00:00-04:00,73.55999755859375,42.869998931884766
2024-10-02 00:00:00-04:00,73.9000015258789,46.52000045776367
2024-10-03 00:00:00-04:00,77.62000274658203,54.5
2024-10-04 00:00:00-04:00,78.05000305175781,46.369998931884766
2024-10-07 00:00:00-04:00,80.93000030517578,48.31999969482422
2024-10-08 00:00:00-04:00,77.18000030517578,52.349998474121094
2024-10-09 00:00:00-04:00,76.58000183105469,48.79999923706055
2024-10-10 00:00:00-04:00,79.4000015258789,52.36000061035156
2024-10-11 00:00:00-04:00,79.04000091552734,52.68000030517578
2024-10-14 00:00:00-04:00,77.45999908447266,51.619998931884766
2024-10-15 00:00:00-04:00,74.25,48.63999938964844
2024-10-16 00:00:00-04:00,74.22000122070312,47.84000015258789
2024-10-17 00:00:00-04:00,74.44999694824219,46.880001068115234
2024-10-18 00:00:00-04:00,73.05999755859375,47.220001220703125
2024-10-21 00:00:00-04:00,74.29000091552734,46.81999969482422
2024-10-22 00:00:00-04:00,76.04000091552734,47.689998626708984
2024-10-23 00:00:00-04:00,74.95999908447266,47.779998779296875
2024-10-24 00:00:00-04:00,74.37999725341797,46.65999984741211
2024-10-25 00:00:00-04:00,76.05000305175781,48.970001220703125
2024-10-28 00:00:00-04:00,71.41999816894531,42.959999084472656
2024-10-29 00:00:00-04:00,71.12000274658203,42.470001220703125
2024-10-30 00:00:00-04:00,72.55000305175781,41.130001068115234
2024-10-31 00:00:00-04:00,73.16000366210938,48.790000915527344
2024-11-01 00:00:00-04:00,73.0999984741211,44.13999938964844
2024-11-04 00:00:00-05:00,75.08000183105469,45.75
2024-11-05 00:00:00-05:00,75.52999877929688,45.61000061035156
2024-11-06 00:00:00-05:00,74.91999816894531,44.7400016784668
2024-11-07 00:00:00-05:00,75.62999725341797,42.54999923706055
2024-11-08 00:00:00-05:00,73.87000274658203,38.7599983215332
2024-11-11 00:00:00-05:00,71.83000183105469,37.7400016784668
2024-11-12 00:00:00-05:00,71.88999938964844,34.31999969482422
2024-11-13 00:00:00-05:00,72.27999877929688,37.119998931884766
2024-11-14 00:00:00-05:00,72.55999755859375,30.899999618530273
2024-11-15 00:00:00-05:00,71.04000091552734,35.06999969482422
2024-11-18 00:00:00-05:00,73.30000305175781,36.88999938964844
2024-11-19 00:00:00-05:00,73.30999755859375,37.279998779296875
2024-11-20 00:00:00-05:00,72.80999755859375,36.7400016784668
2024-11-21 00:00:00-05:00,74.2300033569336,36.90999984741211
2024-11-22 00:00:00-05:00,75.16999816894531,35.7400016784668
2024-11-25 00:00:00-05:00,73.01000213623047,37.439998626708984
2024-11-26 00:00:00-05:00,72.80999755859375,38.7400016784668
2024-11-27 00:00:00-05:00,72.83000183105469,37.0
2024-11-29 00:00:00-05:00,72.94000244140625,34.95000076293945
2024-12-02 00:00:00-05:00,71.83000183105469,34.709999084472656
2024-12-03 00:00:00-05:00,73.62000274658203,34.54999923706055
2024-12-04 00:00:00-05:00,72.30999755859375,33.81999969482422
2024-12-05 00:00:00-05:00,72.08999633789062,29.450000762939453
2024-12-06 00:00:00-05:00,71.12000274658203,30.979999542236328
2024-12-09 00:00:00-05:00,72.13999938964844,27.700000762939453
2024-12-10 00:00:00-05:00,72.19000244140625,28.610000610351562
2024-12-11 00:00:00-05:00,73.5199966430664,31.989999771118164
2024-12-12 00:00:00-05:00,73.41000366210938,33.63999938964844
2024-12-13 00:00:00-05:00,74.48999786376953,34.91999816894531
2024-12-16 00:00:00-05:00,73.91000366210938,33.40999984741211
2024-12-17 00:00:00-05:00,73.19000244140625,30.709999084472656
2024-12-18 00:00:00-05:00,73.38999938964844,32.599998474121094
2024-12-19 00:00:00-05:00,72.87999725341797,30.5
2024-12-20 00:00:00-05:00,72.94000244140625,29.270000457763672
2024-12-23 00:00:00-05:00,72.62999725341797,30.15999984741211
2024-12-24 00:00:00-05:00,73.58000183105469,30.350000381469727
2024-12-26 00:00:00-05:00,73.26000213623047,30.010000228881836
2024-12-27 00:00:00-05:00,74.16999816894531,30.209999084472656
2024-12-30 00:00:00-05:00,74.38999938964844,30.770000457763672
2024-12-31 00:00:00-05:00,74.63999938964844,30.020000457763672
2025-01-02 00:00:00-05:00,75.94000244140625,28.639999389648438
